{
	"type": "guardvillagers:slot",
	"pools": [{
		"rolls": 1,
		"entries": [{
				"type": "minecraft:item",
				"name": "minecraft:iron_sword",
				"weight": 40,

          "functions": [
            {
              "function": "minecraft:set_enchantments",
              "enchantments": {}
            }
          ]
			},
			{
				"type": "minecraft:item",
				"name": "epicfight:iron_dagger",
				"weight": 45,

          "functions": [
            {
              "function": "minecraft:set_enchantments",
              "enchantments": {}
            }
          ]
			},
			{
				"type": "minecraft:item",
				"name": "epicfight:iron_greatsword",
				"weight": 5,

          "functions": [
            {
              "function": "minecraft:set_enchantments",
              "enchantments": {}
            }
          ]
			},
			{
				"type": "minecraft:item",
				"name": "epicfight:iron_longsword",
				"weight": 30,

          "functions": [
            {
              "function": "minecraft:set_enchantments",
              "enchantments": {}
            }
          ]
			},
			{
				"type": "minecraft:item",
				"name": "epicfight:iron_spear",
				"weight": 35,

          "functions": [
            {
              "function": "minecraft:set_enchantments",
              "enchantments": {}
            }
          ]
			},
			{
				"type": "minecraft:item",
				"name": "epicfight:iron_tachi",
				"weight": 25,

          "functions": [
            {
              "function": "minecraft:set_enchantments",
              "enchantments": {}
            }
          ]
			},
			{
				"type": "minecraft:item",
				"name": "epicfight:uchigatana",
				"weight": 2,

          "functions": [
            {
              "function": "minecraft:set_enchantments",
              "enchantments": {}
            }
          ]
			}
		]
	}]
}