{
  "parent": "silentgear:item/shield_base",
  "display": {
    "thirdperson_righthand": {
      "rotation": [-90, 90, 90],
      "translation": [3, -2, 3],
      "scale": [1.0, 1.0, 1.0]
    },
    "thirdperson_lefthand": {
      "rotation": [-90, 90, 90],
      "translation": [3, -2, 3],
      "scale": [1.0, 1.0, 1.0]
    },
    "firstperson_righthand": {
      "rotation": [0, 0, 0],
      "translation": [1.0, -2.0, 0.0],
      "scale": [1.0, 1.0, 1.0]
    },
    "firstperson_lefthand": {
      "rotation": [0, 0, 0],
      "translation": [1.0, -2.0, 0.0],
      "scale": [1.0, 1.0, 1.0]
    },
    "gui": {
      "rotation": [15, -29.5, 0],
      "translation": [0.25, 0, 0],
      "scale": [0.65, 0.65, 0.65]
    },
    "fixed": {
      "rotation": [0, 180, 0],
      "translation": [0, 0, -1.75],
      "scale": [0.75, 0.75, 0.75]
    },
    "ground": {
      "translation": [0, 1.75, 0],
      "scale": [0.25, 0.25, 0.25]
    }
  }
}
