{
  "parent": "builtin/entity",
  "gui_light": "front",
  "textures": {
    "particle": "minecraft:block/dark_oak_planks"
  },
  "display": {
    "thirdperson_righthand": {
      "rotation": [-90, 90, 90],
      "translation": [9.3, 5.4, -5],
      "scale": [1.0, 1.0, 1.0]
    },
    "thirdperson_lefthand": {
      "rotation": [-90, 90, 90],
      "translation": [10, 6.4, 12],
      "scale": [1.0, 1.0, 1.0]
    },
    "firstperson_righthand": {
      "rotation": [ 0, 180, -5 ],
      "translation": [ -15, 5, -11 ],
      "scale": [ 1.25, 1.25, 1.25 ]
  },
  "firstperson_lefthand": {
      "rotation": [ 0, 180, -5 ],
      "translation": [ 5, 5, -11 ],
      "scale": [ 1.25, 1.25, 1.25 ]
  },
    "gui": {
      "rotation": [15, -25, -5],
      "translation": [2, 3, 0],
      "scale": [0.65, 0.65, 0.65]
    }
  }
}
