{
  "parent": "builtin/entity",
  "gui_light": "front",
  "textures": {
    "particle": "block/oak_planks"
  },
  "display": {
    "thirdperson_righthand": {
      "rotation": [-90, 90, 90],
      "translation": [10, 6, -6],
      "scale": [1, 1, 1]
    },
    "thirdperson_lefthand": {
      "rotation": [-90, 90, 90],
      "translation": [10, 6, 12],
      "scale": [1, 1, 1]
    },
    "firstperson_righthand": {
      "rotation": [0, 180, -5],
      "translation": [-15, 8, -11],
      "scale": [1.25, 1.25, 1.25]
    },
    "firstperson_lefthand": {
      "rotation": [0, 180, -5],
      "translation": [5, 8, -11],
      "scale": [1.25, 1.25, 1.25]
    },
    "gui": {
      "rotation": [15, -25, -5],
      "translation": [2, 3, 0],
      "scale": [0.65, 0.65, 0.65]
    }
  }
}
